{
   "nhits":581,
   "parameters":{
      "dataset":[
         "rapworld@public"
      ],
      "timezone":"UTC",
      "rows":10,
      "start":0,
      "format":"json",
      "facet":[
         "categories",
         "bio_yearsactivestart",
         "bio_birthdate",
         "bio_yearsactiveend",
         "bio_deathdate",
         "location_city",
         "location_neighborhood"
      ]
   },
   "records":[
      {
         "datasetid":"rapworld@public",
         "recordid":"7fc2380a82b2b0bd4defb8cfc640ff059d9f6da4",
         "fields":{
            "location_city":"Lisbon",
            "name":"Valete",
            "location_coordinates":[
               38.752258,
               -9.201699
            ],
            "bio_summary":"Valete is a Portuguesehip hop artist named Keidje Lima from Benfica, Lisbon.",
            "bio_yearsactivestart":"1997",
            "youtube_clipexampleurl":"https://www.youtube.com/embed/fQZ9qDS8RvY",
            "bio_url":"https://en.wikipedia.org/wiki/Valete",
            "location_neighborhood":"Benfica",
            "categories":"rapper"
         },
         "geometry":{
            "type":"Point",
            "coordinates":[
               -9.201699,
               38.752258
            ]
         },
         "record_timestamp":"2017-10-06T14:34:39.613000+00:00"
      },
      {
         "datasetid":"rapworld@public",
         "recordid":"b281c7721abef67c1a412e8f812618844012a989",
         "fields":{
            "location_city":"Gaithersburg",
            "name":"Logic",
            "location_coordinates":[
               39.129334,
               -77.200791
            ],
            "bio_summary":"Sir Robert Bryson Hall II (born January 22, 1990), known by his stage name Logic, is an American rapper from Gaithersburg, Maryland.",
            "bio_yearsactivestart":"2009",
            "youtube_clipexampleurl":"https://www.youtube.com/embed/eIGh4Nc1fAM",
            "bio_birthdate":"1990-01-22",
            "bio_url":"https://en.wikipedia.org/wiki/Logic_(musician)",
            "location_neighborhood":"West Deer Park",
            "categories":"rapper"
         },
         "geometry":{
            "type":"Point",
            "coordinates":[
               -77.200791,
               39.129334
            ]
         },
         "record_timestamp":"2017-10-06T14:34:39.613000+00:00"
      },
      {
         "datasetid":"rapworld@public",
         "recordid":"241e1834b90f3fa04106c8c56f120ed1e46b9d5c",
         "fields":{
            "location_city":"Caen",
            "name":"Sobre",
            "location_coordinates":[
               49.190457,
               -0.385134
            ],
            "bio_summary":"Sobre is a french rapper from Caen. He is a member of the 1treuk crew.",
            "bio_yearsactivestart":"2005",
            "youtube_clipexampleurl":"https://www.youtube.com/embed/YagxKu4frMM",
            "bio_url":"http://1treuk.com/sobre/",
            "categories":"rapper"
         },
         "geometry":{
            "type":"Point",
            "coordinates":[
               -0.385134,
               49.190457
            ]
         },
         "record_timestamp":"2017-10-06T14:34:39.613000+00:00"
      },
      {
         "datasetid":"rapworld@public",
         "recordid":"024304bb8071c7630051973bb0966d7b5e7f1703",
         "fields":{
            "location_city":"Oakland",
            "name":"Main Attrakionz",
            "location_coordinates":[
               37.814641,
               -122.265217
            ],
            "bio_summary":"Main Attrakionz is an American hip hop duo from Oakland, California, composed of rappers Mondre M.A.N. (Damondre Grice) and Squadda B (Charles Glover).",
            "bio_yearsactivestart":"2009",
            "youtube_clipexampleurl":"https://www.youtube.com/embed/UoKjrfi-s30",
            "bio_url":"https://en.wikipedia.org/wiki/Main_Attrakionz",
            "categories":"group"
         },
         "geometry":{
            "type":"Point",
            "coordinates":[
               -122.265217,
               37.814641
            ]
         },
         "record_timestamp":"2017-10-06T14:34:39.613000+00:00"
      },
      {
         "datasetid":"rapworld@public",
         "recordid":"5c92dbfe90658d25c80d3e19ff54dc179d7e86f3",
         "fields":{
            "location_city":"Toulouse",
            "name":"Furax Barbossa",
            "location_coordinates":[
               43.631624,
               1.468201
            ],
            "bio_summary":"Furax also know as Furax Barbarossa, is a french rapper from Toulouse. he was a member of the Polychrome 7 crew.",
            "bio_yearsactivestart":"2004",
            "youtube_clipexampleurl":"https://www.youtube.com/embed/z5Jlk82GEKg",
            "bio_birthdate":"1979-02-04",
            "bio_url":"https://fr.wikipedia.org/wiki/Furax_%28rappeur%29",
            "categories":"rapper"
         },
         "geometry":{
            "type":"Point",
            "coordinates":[
               1.468201,
               43.631624
            ]
         },
         "record_timestamp":"2017-10-06T14:34:39.613000+00:00"
      },
      {
         "datasetid":"rapworld@public",
         "recordid":"f55921d142ca2fe8074dc9fee6742c205011d903",
         "fields":{
            "location_city":"Tournai",
            "name":"Youssef Swatt's",
            "location_coordinates":[
               50.60876,
               3.34765
            ],
            "bio_summary":"Youssef Swatt's is a Belgian rapper from Tournai.",
            "youtube_clipexampleurl":"https://www.youtube.com/embed/tdUibEgByrs",
            "categories":"rapper"
         },
         "geometry":{
            "type":"Point",
            "coordinates":[
               3.34765,
               50.60876
            ]
         },
         "record_timestamp":"2017-10-06T14:34:39.613000+00:00"
      },
      {
         "datasetid":"rapworld@public",
         "recordid":"ff3f6b4b89e28bf50cd27d99364548d7b3179ea8",
         "fields":{
            "location_city":"Tupelo",
            "name":"Rae Sremmurd",
            "location_coordinates":[
               34.251084,
               -88.731701
            ],
            "bio_summary":"Rae Sremmurd is an American hip hop duo originating from Tupelo, Mississippi formed by Swae Lee and Slim Jxmmi. The group is best know for their hit Black Beatles.",
            "bio_yearsactivestart":"2013",
            "youtube_clipexampleurl":"https://www.youtube.com/embed/b8m9zhNAgKs",
            "bio_url":"https://en.wikipedia.org/wiki/Rae_Sremmurd",
            "location_neighborhood":"Ida Street Housing Projects",
            "categories":"group"
         },
         "geometry":{
            "type":"Point",
            "coordinates":[
               -88.731701,
               34.251084
            ]
         },
         "record_timestamp":"2017-10-06T14:34:39.613000+00:00"
      },
      {
         "datasetid":"rapworld@public",
         "recordid":"583a2fb71c30a3372979efca5a708b89726fdfee",
         "fields":{
            "location_city":"Noisy-le-Sec",
            "name":"La caution",
            "location_coordinates":[
               48.895434,
               2.458637
            ],
            "bio_summary":"La Caution is a French hip hop duo consisting of members Hi-Tekk and Nikkfurie of Moroccan descent.",
            "bio_yearsactivestart":"1999",
            "youtube_clipexampleurl":"https://www.youtube.com/embed/uoQGtk0I8a8",
            "bio_url":"https://en.wikipedia.org/wiki/La_Caution",
            "categories":"group"
         },
         "geometry":{
            "type":"Point",
            "coordinates":[
               2.458637,
               48.895434
            ]
         },
         "record_timestamp":"2017-10-06T14:34:39.613000+00:00"
      },
      {
         "datasetid":"rapworld@public",
         "recordid":"57616a9c23af4d8f0551d669476ad5f5f86619dc",
         "fields":{
            "location_city":"Norfolk",
            "name":"Timbaland",
            "location_coordinates":[
               36.862086,
               -76.289912
            ],
            "bio_summary":"Timothy Zachery \"Tim\" Mosley (born March 10, 1972), known professionally as Timbaland, is an American record producer, singer, songwriter, rapper and DJ.",
            "bio_yearsactivestart":"1994",
            "youtube_clipexampleurl":"https://www.youtube.com/embed/Q23ZT5VqtdQ",
            "bio_birthdate":"1972-03-10",
            "bio_url":"https://en.wikipedia.org/wiki/Timbaland",
            "categories":"producer"
         },
         "geometry":{
            "type":"Point",
            "coordinates":[
               -76.289912,
               36.862086
            ]
         },
         "record_timestamp":"2017-10-06T14:34:39.613000+00:00"
      },
      {
         "datasetid":"rapworld@public",
         "recordid":"d1c9d7c9f31eadba166de0e2e2e644eddd75e236",
         "fields":{
            "location_city":"Atlanta",
            "name":"Goodie Mob",
            "location_coordinates":[
               33.745522,
               -84.373254
            ],
            "bio_summary":"Goodie Mob is a hip hop group based in Atlanta, Georgia that formed in 1991 and currently consists of members Cee-Lo, Khujo, T-Mo, and Big Gipp. The group is part of the Dungeon Family collective.",
            "bio_yearsactivestart":"1991",
            "youtube_clipexampleurl":"https://www.youtube.com/embed/OGy4bmG5SJw",
            "bio_url":"https://en.wikipedia.org/wiki/Goodie_Mob",
            "categories":"group"
         },
         "geometry":{
            "type":"Point",
            "coordinates":[
               -84.373254,
               33.745522
            ]
         },
         "record_timestamp":"2017-10-06T14:34:39.613000+00:00"
      }
   ],
   "facet_groups":[
      {
         "facets":[
            {
               "count":41,
               "path":"New York",
               "state":"displayed",
               "name":"New York"
            },
            {
               "count":36,
               "path":"Paris",
               "state":"displayed",
               "name":"Paris"
            },
            {
               "count":27,
               "path":"Los Angeles",
               "state":"displayed",
               "name":"Los Angeles"
            },
            {
               "count":26,
               "path":"Atlanta",
               "state":"displayed",
               "name":"Atlanta"
            },
            {
               "count":21,
               "path":"Houston",
               "state":"displayed",
               "name":"Houston"
            },
            {
               "count":17,
               "path":"Bruxelles",
               "state":"displayed",
               "name":"Bruxelles"
            },
            {
               "count":17,
               "path":"New Orleans",
               "state":"displayed",
               "name":"New Orleans"
            },
            {
               "count":15,
               "path":"Chicago",
               "state":"displayed",
               "name":"Chicago"
            },
            {
               "count":14,
               "path":"Brooklyn",
               "state":"displayed",
               "name":"Brooklyn"
            },
            {
               "count":13,
               "path":"Marseille",
               "state":"displayed",
               "name":"Marseille"
            },
            {
               "count":12,
               "path":"Miami",
               "state":"displayed",
               "name":"Miami"
            },
            {
               "count":11,
               "path":"Memphis",
               "state":"displayed",
               "name":"Memphis"
            },
            {
               "count":10,
               "path":"Philadelphia",
               "state":"displayed",
               "name":"Philadelphia"
            },
            {
               "count":9,
               "path":"Detroit",
               "state":"displayed",
               "name":"Detroit"
            },
            {
               "count":9,
               "path":"London",
               "state":"displayed",
               "name":"London"
            },
            {
               "count":8,
               "path":"Oakland",
               "state":"displayed",
               "name":"Oakland"
            },
            {
               "count":7,
               "path":"Queens",
               "state":"displayed",
               "name":"Queens"
            },
            {
               "count":6,
               "path":"Boulogne-Billancourt",
               "state":"displayed",
               "name":"Boulogne-Billancourt"
            },
            {
               "count":6,
               "path":"Long Island",
               "state":"displayed",
               "name":"Long Island"
            },
            {
               "count":6,
               "path":"Toulouse",
               "state":"displayed",
               "name":"Toulouse"
            },
            {
               "count":5,
               "path":"Toronto",
               "state":"displayed",
               "name":"Toronto"
            },
            {
               "count":4,
               "path":"East London",
               "state":"displayed",
               "name":"East London"
            },
            {
               "count":4,
               "path":"Montreal",
               "state":"displayed",
               "name":"Montreal"
            },
            {
               "count":4,
               "path":"Sevran",
               "state":"displayed",
               "name":"Sevran"
            },
            {
               "count":3,
               "path":"Besan\u00e7on",
               "state":"displayed",
               "name":"Besan\u00e7on"
            },
            {
               "count":3,
               "path":"Bordeaux",
               "state":"displayed",
               "name":"Bordeaux"
            },
            {
               "count":3,
               "path":"Bronx",
               "state":"displayed",
               "name":"Bronx"
            },
            {
               "count":3,
               "path":"Cleveland",
               "state":"displayed",
               "name":"Cleveland"
            },
            {
               "count":3,
               "path":"Dakar",
               "state":"displayed",
               "name":"Dakar"
            },
            {
               "count":3,
               "path":"Grenoble",
               "state":"displayed",
               "name":"Grenoble"
            },
            {
               "count":3,
               "path":"Lyon",
               "state":"displayed",
               "name":"Lyon"
            },
            {
               "count":3,
               "path":"Milano",
               "state":"displayed",
               "name":"Milano"
            },
            {
               "count":3,
               "path":"Montreuil",
               "state":"displayed",
               "name":"Montreuil"
            },
            {
               "count":3,
               "path":"Pittsburgh",
               "state":"displayed",
               "name":"Pittsburgh"
            },
            {
               "count":3,
               "path":"Port Arthur",
               "state":"displayed",
               "name":"Port Arthur"
            },
            {
               "count":3,
               "path":"Saint-Denis",
               "state":"displayed",
               "name":"Saint-Denis"
            },
            {
               "count":3,
               "path":"San Francisco",
               "state":"displayed",
               "name":"San Francisco"
            },
            {
               "count":3,
               "path":"Sarcelle",
               "state":"displayed",
               "name":"Sarcelle"
            },
            {
               "count":3,
               "path":"Staten Island",
               "state":"displayed",
               "name":"Staten Island"
            },
            {
               "count":3,
               "path":"Vitry-sur-Seine",
               "state":"displayed",
               "name":"Vitry-sur-Seine"
            },
            {
               "count":3,
               "path":"\u00c9pinay-sur-Seine",
               "state":"displayed",
               "name":"\u00c9pinay-sur-Seine"
            },
            {
               "count":3,
               "path":"\u00c9vry",
               "state":"displayed",
               "name":"\u00c9vry"
            },
            {
               "count":2,
               "path":"Amsterdam",
               "state":"displayed",
               "name":"Amsterdam"
            },
            {
               "count":2,
               "path":"Aubervilliers",
               "state":"displayed",
               "name":"Aubervilliers"
            },
            {
               "count":2,
               "path":"Aulnay-sous-Bois",
               "state":"displayed",
               "name":"Aulnay-sous-Bois"
            },
            {
               "count":2,
               "path":"Baton Rouge",
               "state":"displayed",
               "name":"Baton Rouge"
            },
            {
               "count":2,
               "path":"Boston",
               "state":"displayed",
               "name":"Boston"
            },
            {
               "count":2,
               "path":"Boulogne Billancourt",
               "state":"displayed",
               "name":"Boulogne Billancourt"
            },
            {
               "count":2,
               "path":"Caen",
               "state":"displayed",
               "name":"Caen"
            },
            {
               "count":2,
               "path":"East Orange",
               "state":"displayed",
               "name":"East Orange"
            },
            {
               "count":2,
               "path":"Geneva",
               "state":"displayed",
               "name":"Geneva"
            },
            {
               "count":2,
               "path":"Kansas City",
               "state":"displayed",
               "name":"Kansas City"
            },
            {
               "count":2,
               "path":"Le Havre",
               "state":"displayed",
               "name":"Le Havre"
            },
            {
               "count":2,
               "path":"Long Beach",
               "state":"displayed",
               "name":"Long Beach"
            },
            {
               "count":2,
               "path":"Montpellier",
               "state":"displayed",
               "name":"Montpellier"
            },
            {
               "count":2,
               "path":"Nashville",
               "state":"displayed",
               "name":"Nashville"
            },
            {
               "count":2,
               "path":"Newark",
               "state":"displayed",
               "name":"Newark"
            },
            {
               "count":2,
               "path":"Orly",
               "state":"displayed",
               "name":"Orly"
            },
            {
               "count":2,
               "path":"Perpignan",
               "state":"displayed",
               "name":"Perpignan"
            },
            {
               "count":2,
               "path":"Sacramento",
               "state":"displayed",
               "name":"Sacramento"
            },
            {
               "count":2,
               "path":"Seatle",
               "state":"displayed",
               "name":"Seatle"
            },
            {
               "count":2,
               "path":"Seine-Saint-Denis",
               "state":"displayed",
               "name":"Seine-Saint-Denis"
            },
            {
               "count":2,
               "path":"Seoul",
               "state":"displayed",
               "name":"Seoul"
            },
            {
               "count":2,
               "path":"St. Louis",
               "state":"displayed",
               "name":"St. Louis"
            },
            {
               "count":2,
               "path":"Vallejo",
               "state":"displayed",
               "name":"Vallejo"
            },
            {
               "count":1,
               "path":"Aachen",
               "state":"displayed",
               "name":"Aachen"
            },
            {
               "count":1,
               "path":"Alen\u00e7on",
               "state":"displayed",
               "name":"Alen\u00e7on"
            },
            {
               "count":1,
               "path":"Athens",
               "state":"displayed",
               "name":"Athens"
            },
            {
               "count":1,
               "path":"Aubagne",
               "state":"displayed",
               "name":"Aubagne"
            },
            {
               "count":1,
               "path":"Aulnay sous bois",
               "state":"displayed",
               "name":"Aulnay sous bois"
            },
            {
               "count":1,
               "path":"Batesville",
               "state":"displayed",
               "name":"Batesville"
            },
            {
               "count":1,
               "path":"Berkeley",
               "state":"displayed",
               "name":"Berkeley"
            },
            {
               "count":1,
               "path":"Berlin",
               "state":"displayed",
               "name":"Berlin"
            },
            {
               "count":1,
               "path":"Berre-l'\u00c9tang",
               "state":"displayed",
               "name":"Berre-l'\u00c9tang"
            },
            {
               "count":1,
               "path":"Birmingham",
               "state":"displayed",
               "name":"Birmingham"
            },
            {
               "count":1,
               "path":"Blanc M\u00e9nil",
               "state":"displayed",
               "name":"Blanc M\u00e9nil"
            },
            {
               "count":1,
               "path":"Blanc-Mesnil",
               "state":"displayed",
               "name":"Blanc-Mesnil"
            },
            {
               "count":1,
               "path":"Blois",
               "state":"displayed",
               "name":"Blois"
            },
            {
               "count":1,
               "path":"Bobigny",
               "state":"displayed",
               "name":"Bobigny"
            },
            {
               "count":1,
               "path":"Bridgetown",
               "state":"displayed",
               "name":"Bridgetown"
            },
            {
               "count":1,
               "path":"Brussels",
               "state":"displayed",
               "name":"Brussels"
            },
            {
               "count":1,
               "path":"Cannes",
               "state":"displayed",
               "name":"Cannes"
            },
            {
               "count":1,
               "path":"Cape Town",
               "state":"displayed",
               "name":"Cape Town"
            },
            {
               "count":1,
               "path":"Casablanca",
               "state":"displayed",
               "name":"Casablanca"
            },
            {
               "count":1,
               "path":"Cedar Rapids",
               "state":"displayed",
               "name":"Cedar Rapids"
            },
            {
               "count":1,
               "path":"Charleroi",
               "state":"displayed",
               "name":"Charleroi"
            },
            {
               "count":1,
               "path":"Chelles",
               "state":"displayed",
               "name":"Chelles"
            },
            {
               "count":1,
               "path":"Chengdu",
               "state":"displayed",
               "name":"Chengdu"
            },
            {
               "count":1,
               "path":"Chevilly-Larue",
               "state":"displayed",
               "name":"Chevilly-Larue"
            },
            {
               "count":1,
               "path":"Coral Springs",
               "state":"displayed",
               "name":"Coral Springs"
            },
            {
               "count":1,
               "path":"Corbeil-Essonnes",
               "state":"displayed",
               "name":"Corbeil-Essonnes"
            },
            {
               "count":1,
               "path":"Deerfield Beach",
               "state":"displayed",
               "name":"Deerfield Beach"
            },
            {
               "count":1,
               "path":"Deuil-la-Barre",
               "state":"displayed",
               "name":"Deuil-la-Barre"
            },
            {
               "count":1,
               "path":"Dublin",
               "state":"displayed",
               "name":"Dublin"
            },
            {
               "count":1,
               "path":"East Atlanta",
               "state":"displayed",
               "name":"East Atlanta"
            },
            {
               "count":1,
               "path":"Englewood",
               "state":"displayed",
               "name":"Englewood"
            },
            {
               "count":1,
               "path":"Evere",
               "state":"displayed",
               "name":"Evere"
            },
            {
               "count":1,
               "path":"Evry",
               "state":"displayed",
               "name":"Evry"
            },
            {
               "count":1,
               "path":"Fayetteville",
               "state":"displayed",
               "name":"Fayetteville"
            },
            {
               "count":1,
               "path":"Fort Hood",
               "state":"displayed",
               "name":"Fort Hood"
            },
            {
               "count":1,
               "path":"Fort Wayne",
               "state":"displayed",
               "name":"Fort Wayne"
            },
            {
               "count":1,
               "path":"Fort-de-France",
               "state":"displayed",
               "name":"Fort-de-France"
            },
            {
               "count":1,
               "path":"Gaithersburg",
               "state":"displayed",
               "name":"Gaithersburg"
            },
            {
               "count":1,
               "path":"Garges-Sarcelles",
               "state":"displayed",
               "name":"Garges-Sarcelles"
            },
            {
               "count":1,
               "path":"Gary",
               "state":"displayed",
               "name":"Gary"
            },
            {
               "count":1,
               "path":"Gex",
               "state":"displayed",
               "name":"Gex"
            },
            {
               "count":1,
               "path":"Girona",
               "state":"displayed",
               "name":"Girona"
            },
            {
               "count":1,
               "path":"Grapevine",
               "state":"displayed",
               "name":"Grapevine"
            },
            {
               "count":1,
               "path":"Grigny",
               "state":"displayed",
               "name":"Grigny"
            },
            {
               "count":1,
               "path":"Hackney",
               "state":"displayed",
               "name":"Hackney"
            },
            {
               "count":1,
               "path":"Harlem",
               "state":"displayed",
               "name":"Harlem"
            },
            {
               "count":1,
               "path":"Hauts-de-Seine",
               "state":"displayed",
               "name":"Hauts-de-Seine"
            },
            {
               "count":1,
               "path":"Havana",
               "state":"displayed",
               "name":"Havana"
            },
            {
               "count":1,
               "path":"Hollis",
               "state":"displayed",
               "name":"Hollis"
            },
            {
               "count":1,
               "path":"Howell",
               "state":"displayed",
               "name":"Howell"
            },
            {
               "count":1,
               "path":"Hussein Dey",
               "state":"displayed",
               "name":"Hussein Dey"
            },
            {
               "count":1,
               "path":"Ilsan",
               "state":"displayed",
               "name":"Ilsan"
            },
            {
               "count":1,
               "path":"Incheon",
               "state":"displayed",
               "name":"Incheon"
            },
            {
               "count":1,
               "path":"Issy-les-Moulineaux",
               "state":"displayed",
               "name":"Issy-les-Moulineaux"
            },
            {
               "count":1,
               "path":"Ivry Sur Seine",
               "state":"displayed",
               "name":"Ivry Sur Seine"
            },
            {
               "count":1,
               "path":"Jersey City",
               "state":"displayed",
               "name":"Jersey City"
            },
            {
               "count":1,
               "path":"Joinville-le-Pont",
               "state":"displayed",
               "name":"Joinville-le-Pont"
            },
            {
               "count":1,
               "path":"Kanagawa",
               "state":"displayed",
               "name":"Kanagawa"
            },
            {
               "count":1,
               "path":"Kremlin-Bic\u00eatre",
               "state":"displayed",
               "name":"Kremlin-Bic\u00eatre"
            },
            {
               "count":1,
               "path":"La Courneuve",
               "state":"displayed",
               "name":"La Courneuve"
            },
            {
               "count":1,
               "path":"Lawrenceville",
               "state":"displayed",
               "name":"Lawrenceville"
            },
            {
               "count":1,
               "path":"Leipzig",
               "state":"displayed",
               "name":"Leipzig"
            },
            {
               "count":1,
               "path":"Les Lilas",
               "state":"displayed",
               "name":"Les Lilas"
            },
            {
               "count":1,
               "path":"Les Ulis",
               "state":"displayed",
               "name":"Les Ulis"
            },
            {
               "count":1,
               "path":"Liege",
               "state":"displayed",
               "name":"Liege"
            },
            {
               "count":1,
               "path":"Lisbon",
               "state":"displayed",
               "name":"Lisbon"
            },
            {
               "count":1,
               "path":"Li\u00e8ge",
               "state":"displayed",
               "name":"Li\u00e8ge"
            },
            {
               "count":1,
               "path":"Long beach",
               "state":"displayed",
               "name":"Long beach"
            },
            {
               "count":1,
               "path":"Louisville",
               "state":"displayed",
               "name":"Louisville"
            },
            {
               "count":1,
               "path":"Madrid",
               "state":"displayed",
               "name":"Madrid"
            },
            {
               "count":1,
               "path":"Mantes la jolie",
               "state":"displayed",
               "name":"Mantes la jolie"
            },
            {
               "count":1,
               "path":"Marietta",
               "state":"displayed",
               "name":"Marietta"
            },
            {
               "count":1,
               "path":"Meaux",
               "state":"displayed",
               "name":"Meaux"
            },
            {
               "count":1,
               "path":"Melun",
               "state":"displayed",
               "name":"Melun"
            },
            {
               "count":1,
               "path":"Meridian",
               "state":"displayed",
               "name":"Meridian"
            },
            {
               "count":1,
               "path":"Meudon",
               "state":"displayed",
               "name":"Meudon"
            },
            {
               "count":1,
               "path":"Milwaukee",
               "state":"displayed",
               "name":"Milwaukee"
            },
            {
               "count":1,
               "path":"Miramas",
               "state":"displayed",
               "name":"Miramas"
            },
            {
               "count":1,
               "path":"Mitcham",
               "state":"displayed",
               "name":"Mitcham"
            },
            {
               "count":1,
               "path":"Montfermeil",
               "state":"displayed",
               "name":"Montfermeil"
            },
            {
               "count":1,
               "path":"Montgomery County",
               "state":"displayed",
               "name":"Montgomery County"
            },
            {
               "count":1,
               "path":"Montr\u00e9al",
               "state":"displayed",
               "name":"Montr\u00e9al"
            },
            {
               "count":1,
               "path":"Nantes",
               "state":"displayed",
               "name":"Nantes"
            },
            {
               "count":1,
               "path":"Naples",
               "state":"displayed",
               "name":"Naples"
            },
            {
               "count":1,
               "path":"Nemours",
               "state":"displayed",
               "name":"Nemours"
            },
            {
               "count":1,
               "path":"Neuch\u00e2tel",
               "state":"displayed",
               "name":"Neuch\u00e2tel"
            },
            {
               "count":1,
               "path":"New york",
               "state":"displayed",
               "name":"New york"
            },
            {
               "count":1,
               "path":"Nice",
               "state":"displayed",
               "name":"Nice"
            },
            {
               "count":1,
               "path":"Noisy-le-Sec",
               "state":"displayed",
               "name":"Noisy-le-Sec"
            },
            {
               "count":1,
               "path":"Norfolk",
               "state":"displayed",
               "name":"Norfolk"
            },
            {
               "count":1,
               "path":"North Lawndale",
               "state":"displayed",
               "name":"North Lawndale"
            },
            {
               "count":1,
               "path":"Orange County",
               "state":"displayed",
               "name":"Orange County"
            },
            {
               "count":1,
               "path":"Orlean",
               "state":"displayed",
               "name":"Orlean"
            },
            {
               "count":1,
               "path":"Orsay",
               "state":"displayed",
               "name":"Orsay"
            },
            {
               "count":1,
               "path":"Oxnard",
               "state":"displayed",
               "name":"Oxnard"
            },
            {
               "count":1,
               "path":"Paterson",
               "state":"displayed",
               "name":"Paterson"
            },
            {
               "count":1,
               "path":"Pinole",
               "state":"displayed",
               "name":"Pinole"
            },
            {
               "count":1,
               "path":"Pittsburg",
               "state":"displayed",
               "name":"Pittsburg"
            },
            {
               "count":1,
               "path":"Pointe-\u00e0-Pitre",
               "state":"displayed",
               "name":"Pointe-\u00e0-Pitre"
            },
            {
               "count":1,
               "path":"Pompano Beach",
               "state":"displayed",
               "name":"Pompano Beach"
            },
            {
               "count":1,
               "path":"Portland",
               "state":"displayed",
               "name":"Portland"
            },
            {
               "count":1,
               "path":"Porto Alegre",
               "state":"displayed",
               "name":"Porto Alegre"
            },
            {
               "count":1,
               "path":"Portsmouth",
               "state":"displayed",
               "name":"Portsmouth"
            },
            {
               "count":1,
               "path":"Qu\u00e9bec City",
               "state":"displayed",
               "name":"Qu\u00e9bec City"
            },
            {
               "count":1,
               "path":"Rabbat",
               "state":"displayed",
               "name":"Rabbat"
            },
            {
               "count":1,
               "path":"Rennes",
               "state":"displayed",
               "name":"Rennes"
            },
            {
               "count":1,
               "path":"Reykjavik",
               "state":"displayed",
               "name":"Reykjavik"
            },
            {
               "count":1,
               "path":"Richmond",
               "state":"displayed",
               "name":"Richmond"
            },
            {
               "count":1,
               "path":"Roswell",
               "state":"displayed",
               "name":"Roswell"
            },
            {
               "count":1,
               "path":"Roubaix",
               "state":"displayed",
               "name":"Roubaix"
            },
            {
               "count":1,
               "path":"Saint Denis",
               "state":"displayed",
               "name":"Saint Denis"
            },
            {
               "count":1,
               "path":"Saint Paul",
               "state":"displayed",
               "name":"Saint Paul"
            },
            {
               "count":1,
               "path":"Saint-Ouen-l'Aum\u00f4ne",
               "state":"displayed",
               "name":"Saint-Ouen-l'Aum\u00f4ne"
            },
            {
               "count":1,
               "path":"San Diego",
               "state":"displayed",
               "name":"San Diego"
            },
            {
               "count":1,
               "path":"Santa Cruz de Tenerife",
               "state":"displayed",
               "name":"Santa Cruz de Tenerife"
            },
            {
               "count":1,
               "path":"Santiago de Chile",
               "state":"displayed",
               "name":"Santiago de Chile"
            },
            {
               "count":1,
               "path":"Satrouville",
               "state":"displayed",
               "name":"Satrouville"
            },
            {
               "count":1,
               "path":"Seattle",
               "state":"displayed",
               "name":"Seattle"
            },
            {
               "count":1,
               "path":"South Orange",
               "state":"displayed",
               "name":"South Orange"
            },
            {
               "count":1,
               "path":"Southampton",
               "state":"displayed",
               "name":"Southampton"
            },
            {
               "count":1,
               "path":"St Albans",
               "state":"displayed",
               "name":"St Albans"
            },
            {
               "count":1,
               "path":"St Louis",
               "state":"displayed",
               "name":"St Louis"
            },
            {
               "count":1,
               "path":"Stapleton",
               "state":"displayed",
               "name":"Stapleton"
            },
            {
               "count":1,
               "path":"Stockholm",
               "state":"displayed",
               "name":"Stockholm"
            },
            {
               "count":1,
               "path":"Stockolm",
               "state":"displayed",
               "name":"Stockolm"
            },
            {
               "count":1,
               "path":"Stone Mountain",
               "state":"displayed",
               "name":"Stone Mountain"
            },
            {
               "count":1,
               "path":"Strasbourg",
               "state":"displayed",
               "name":"Strasbourg"
            },
            {
               "count":1,
               "path":"Stuttgart",
               "state":"displayed",
               "name":"Stuttgart"
            },
            {
               "count":1,
               "path":"S\u00e8te",
               "state":"displayed",
               "name":"S\u00e8te"
            },
            {
               "count":1,
               "path":"Tallahassee",
               "state":"displayed",
               "name":"Tallahassee"
            },
            {
               "count":1,
               "path":"Tallinn",
               "state":"displayed",
               "name":"Tallinn"
            },
            {
               "count":1,
               "path":"Thessaloniki",
               "state":"displayed",
               "name":"Thessaloniki"
            },
            {
               "count":1,
               "path":"Thill",
               "state":"displayed",
               "name":"Thill"
            },
            {
               "count":1,
               "path":"Tottenham",
               "state":"displayed",
               "name":"Tottenham"
            },
            {
               "count":1,
               "path":"Toulon",
               "state":"displayed",
               "name":"Toulon"
            }
         ],
         "name":"location_city"
      },
      {
         "facets":[
            {
               "count":1,
               "path":"1997",
               "state":"displayed",
               "name":"1997"
            },
            {
               "count":1,
               "path":"1998",
               "state":"displayed",
               "name":"1998"
            },
            {
               "count":1,
               "path":"1999",
               "state":"displayed",
               "name":"1999"
            },
            {
               "count":2,
               "path":"2000",
               "state":"displayed",
               "name":"2000"
            },
            {
               "count":1,
               "path":"2001",
               "state":"displayed",
               "name":"2001"
            },
            {
               "count":1,
               "path":"2003",
               "state":"displayed",
               "name":"2003"
            },
            {
               "count":1,
               "path":"2004",
               "state":"displayed",
               "name":"2004"
            },
            {
               "count":3,
               "path":"2006",
               "state":"displayed",
               "name":"2006"
            },
            {
               "count":2,
               "path":"2007",
               "state":"displayed",
               "name":"2007"
            },
            {
               "count":1,
               "path":"2010",
               "state":"displayed",
               "name":"2010"
            },
            {
               "count":1,
               "path":"2011",
               "state":"displayed",
               "name":"2011"
            },
            {
               "count":1,
               "path":"2013",
               "state":"displayed",
               "name":"2013"
            },
            {
               "count":2,
               "path":"2015",
               "state":"displayed",
               "name":"2015"
            },
            {
               "count":1,
               "path":"2017",
               "state":"displayed",
               "name":"2017"
            }
         ],
         "name":"bio_deathdate"
      },
      {
         "facets":[
            {
               "count":1,
               "path":"1975",
               "state":"displayed",
               "name":"1975"
            },
            {
               "count":3,
               "path":"1980",
               "state":"displayed",
               "name":"1980"
            },
            {
               "count":1,
               "path":"1981",
               "state":"displayed",
               "name":"1981"
            },
            {
               "count":2,
               "path":"1982",
               "state":"displayed",
               "name":"1982"
            },
            {
               "count":2,
               "path":"1983",
               "state":"displayed",
               "name":"1983"
            },
            {
               "count":3,
               "path":"1984",
               "state":"displayed",
               "name":"1984"
            },
            {
               "count":4,
               "path":"1985",
               "state":"displayed",
               "name":"1985"
            },
            {
               "count":6,
               "path":"1986",
               "state":"displayed",
               "name":"1986"
            },
            {
               "count":6,
               "path":"1987",
               "state":"displayed",
               "name":"1987"
            },
            {
               "count":10,
               "path":"1988",
               "state":"displayed",
               "name":"1988"
            },
            {
               "count":6,
               "path":"1989",
               "state":"displayed",
               "name":"1989"
            },
            {
               "count":11,
               "path":"1990",
               "state":"displayed",
               "name":"1990"
            },
            {
               "count":20,
               "path":"1991",
               "state":"displayed",
               "name":"1991"
            },
            {
               "count":19,
               "path":"1992",
               "state":"displayed",
               "name":"1992"
            },
            {
               "count":24,
               "path":"1993",
               "state":"displayed",
               "name":"1993"
            },
            {
               "count":18,
               "path":"1994",
               "state":"displayed",
               "name":"1994"
            },
            {
               "count":17,
               "path":"1995",
               "state":"displayed",
               "name":"1995"
            },
            {
               "count":17,
               "path":"1996",
               "state":"displayed",
               "name":"1996"
            },
            {
               "count":13,
               "path":"1997",
               "state":"displayed",
               "name":"1997"
            },
            {
               "count":13,
               "path":"1998",
               "state":"displayed",
               "name":"1998"
            },
            {
               "count":15,
               "path":"1999",
               "state":"displayed",
               "name":"1999"
            },
            {
               "count":12,
               "path":"2000",
               "state":"displayed",
               "name":"2000"
            },
            {
               "count":10,
               "path":"2001",
               "state":"displayed",
               "name":"2001"
            },
            {
               "count":11,
               "path":"2002",
               "state":"displayed",
               "name":"2002"
            },
            {
               "count":19,
               "path":"2003",
               "state":"displayed",
               "name":"2003"
            },
            {
               "count":12,
               "path":"2004",
               "state":"displayed",
               "name":"2004"
            },
            {
               "count":10,
               "path":"2005",
               "state":"displayed",
               "name":"2005"
            },
            {
               "count":13,
               "path":"2006",
               "state":"displayed",
               "name":"2006"
            },
            {
               "count":17,
               "path":"2007",
               "state":"displayed",
               "name":"2007"
            },
            {
               "count":16,
               "path":"2008",
               "state":"displayed",
               "name":"2008"
            },
            {
               "count":12,
               "path":"2009",
               "state":"displayed",
               "name":"2009"
            },
            {
               "count":16,
               "path":"2010",
               "state":"displayed",
               "name":"2010"
            },
            {
               "count":19,
               "path":"2011",
               "state":"displayed",
               "name":"2011"
            },
            {
               "count":17,
               "path":"2012",
               "state":"displayed",
               "name":"2012"
            },
            {
               "count":15,
               "path":"2013",
               "state":"displayed",
               "name":"2013"
            },
            {
               "count":14,
               "path":"2014",
               "state":"displayed",
               "name":"2014"
            },
            {
               "count":15,
               "path":"2015",
               "state":"displayed",
               "name":"2015"
            },
            {
               "count":3,
               "path":"2016",
               "state":"displayed",
               "name":"2016"
            },
            {
               "count":2,
               "path":"2017",
               "state":"displayed",
               "name":"2017"
            }
         ],
         "name":"bio_yearsactivestart"
      },
      {
         "facets":[
            {
               "count":1,
               "path":"1957",
               "state":"displayed",
               "name":"1957"
            },
            {
               "count":2,
               "path":"1958",
               "state":"displayed",
               "name":"1958"
            },
            {
               "count":1,
               "path":"1959",
               "state":"displayed",
               "name":"1959"
            },
            {
               "count":1,
               "path":"1961",
               "state":"displayed",
               "name":"1961"
            },
            {
               "count":1,
               "path":"1962",
               "state":"displayed",
               "name":"1962"
            },
            {
               "count":2,
               "path":"1963",
               "state":"displayed",
               "name":"1963"
            },
            {
               "count":2,
               "path":"1965",
               "state":"displayed",
               "name":"1965"
            },
            {
               "count":4,
               "path":"1966",
               "state":"displayed",
               "name":"1966"
            },
            {
               "count":1,
               "path":"1967",
               "state":"displayed",
               "name":"1967"
            },
            {
               "count":6,
               "path":"1968",
               "state":"displayed",
               "name":"1968"
            },
            {
               "count":7,
               "path":"1969",
               "state":"displayed",
               "name":"1969"
            },
            {
               "count":14,
               "path":"1970",
               "state":"displayed",
               "name":"1970"
            },
            {
               "count":8,
               "path":"1971",
               "state":"displayed",
               "name":"1971"
            },
            {
               "count":10,
               "path":"1972",
               "state":"displayed",
               "name":"1972"
            },
            {
               "count":8,
               "path":"1973",
               "state":"displayed",
               "name":"1973"
            },
            {
               "count":11,
               "path":"1974",
               "state":"displayed",
               "name":"1974"
            },
            {
               "count":13,
               "path":"1975",
               "state":"displayed",
               "name":"1975"
            },
            {
               "count":9,
               "path":"1976",
               "state":"displayed",
               "name":"1976"
            },
            {
               "count":14,
               "path":"1977",
               "state":"displayed",
               "name":"1977"
            },
            {
               "count":10,
               "path":"1978",
               "state":"displayed",
               "name":"1978"
            },
            {
               "count":10,
               "path":"1979",
               "state":"displayed",
               "name":"1979"
            },
            {
               "count":11,
               "path":"1980",
               "state":"displayed",
               "name":"1980"
            },
            {
               "count":16,
               "path":"1981",
               "state":"displayed",
               "name":"1981"
            },
            {
               "count":8,
               "path":"1982",
               "state":"displayed",
               "name":"1982"
            },
            {
               "count":8,
               "path":"1983",
               "state":"displayed",
               "name":"1983"
            },
            {
               "count":7,
               "path":"1984",
               "state":"displayed",
               "name":"1984"
            },
            {
               "count":10,
               "path":"1985",
               "state":"displayed",
               "name":"1985"
            },
            {
               "count":7,
               "path":"1986",
               "state":"displayed",
               "name":"1986"
            },
            {
               "count":8,
               "path":"1987",
               "state":"displayed",
               "name":"1987"
            },
            {
               "count":8,
               "path":"1988",
               "state":"displayed",
               "name":"1988"
            },
            {
               "count":5,
               "path":"1989",
               "state":"displayed",
               "name":"1989"
            },
            {
               "count":9,
               "path":"1990",
               "state":"displayed",
               "name":"1990"
            },
            {
               "count":7,
               "path":"1991",
               "state":"displayed",
               "name":"1991"
            },
            {
               "count":8,
               "path":"1992",
               "state":"displayed",
               "name":"1992"
            },
            {
               "count":12,
               "path":"1993",
               "state":"displayed",
               "name":"1993"
            },
            {
               "count":7,
               "path":"1994",
               "state":"displayed",
               "name":"1994"
            },
            {
               "count":6,
               "path":"1995",
               "state":"displayed",
               "name":"1995"
            },
            {
               "count":1,
               "path":"1996",
               "state":"displayed",
               "name":"1996"
            },
            {
               "count":2,
               "path":"1997",
               "state":"displayed",
               "name":"1997"
            },
            {
               "count":1,
               "path":"1998",
               "state":"displayed",
               "name":"1998"
            },
            {
               "count":1,
               "path":"2017",
               "state":"displayed",
               "name":"2017"
            }
         ],
         "name":"bio_birthdate"
      },
      {
         "facets":[
            {
               "count":12,
               "path":"Compton",
               "state":"displayed",
               "name":"Compton"
            },
            {
               "count":10,
               "path":"Harlem",
               "state":"displayed",
               "name":"Harlem"
            },
            {
               "count":9,
               "path":"Brooklyn",
               "state":"displayed",
               "name":"Brooklyn"
            },
            {
               "count":7,
               "path":"Bronx",
               "state":"displayed",
               "name":"Bronx"
            },
            {
               "count":4,
               "path":"Carol City",
               "state":"displayed",
               "name":"Carol City"
            },
            {
               "count":4,
               "path":"Pont de S\u00e8vres",
               "state":"displayed",
               "name":"Pont de S\u00e8vres"
            },
            {
               "count":4,
               "path":"Queens",
               "state":"displayed",
               "name":"Queens"
            },
            {
               "count":3,
               "path":"Bow",
               "state":"displayed",
               "name":"Bow"
            },
            {
               "count":3,
               "path":"Roosevelt",
               "state":"displayed",
               "name":"Roosevelt"
            },
            {
               "count":3,
               "path":"South Bronx",
               "state":"displayed",
               "name":"South Bronx"
            },
            {
               "count":2,
               "path":"Bedford-Stuyvesant",
               "state":"displayed",
               "name":"Bedford-Stuyvesant"
            },
            {
               "count":2,
               "path":"Bedford\u2013Stuyvesant",
               "state":"displayed",
               "name":"Bedford\u2013Stuyvesant"
            },
            {
               "count":2,
               "path":"Bockstael",
               "state":"displayed",
               "name":"Bockstael"
            },
            {
               "count":2,
               "path":"Brentwood",
               "state":"displayed",
               "name":"Brentwood"
            },
            {
               "count":2,
               "path":"Brownsville",
               "state":"displayed",
               "name":"Brownsville"
            },
            {
               "count":2,
               "path":"Calliope Projects",
               "state":"displayed",
               "name":"Calliope Projects"
            },
            {
               "count":2,
               "path":"Clifton",
               "state":"displayed",
               "name":"Clifton"
            },
            {
               "count":2,
               "path":"College Park",
               "state":"displayed",
               "name":"College Park"
            },
            {
               "count":2,
               "path":"Crenshaw",
               "state":"displayed",
               "name":"Crenshaw"
            },
            {
               "count":2,
               "path":"Croix de Chavaux",
               "state":"displayed",
               "name":"Croix de Chavaux"
            },
            {
               "count":2,
               "path":"Eastside",
               "state":"displayed",
               "name":"Eastside"
            },
            {
               "count":2,
               "path":"Hawthorne",
               "state":"displayed",
               "name":"Hawthorne"
            },
            {
               "count":2,
               "path":"Hollis",
               "state":"displayed",
               "name":"Hollis"
            },
            {
               "count":2,
               "path":"Long Beach",
               "state":"displayed",
               "name":"Long Beach"
            },
            {
               "count":2,
               "path":"Long Island",
               "state":"displayed",
               "name":"Long Island"
            },
            {
               "count":2,
               "path":"Magnolia Projects",
               "state":"displayed",
               "name":"Magnolia Projects"
            },
            {
               "count":2,
               "path":"M\u00e9nilmontant",
               "state":"displayed",
               "name":"M\u00e9nilmontant"
            },
            {
               "count":2,
               "path":"Oak Park",
               "state":"displayed",
               "name":"Oak Park"
            },
            {
               "count":2,
               "path":"Orgemont",
               "state":"displayed",
               "name":"Orgemont"
            },
            {
               "count":2,
               "path":"Planoise",
               "state":"displayed",
               "name":"Planoise"
            },
            {
               "count":2,
               "path":"Queensbridge",
               "state":"displayed",
               "name":"Queensbridge"
            },
            {
               "count":2,
               "path":"Rougemont",
               "state":"displayed",
               "name":"Rougemont"
            },
            {
               "count":2,
               "path":"Roxbury",
               "state":"displayed",
               "name":"Roxbury"
            },
            {
               "count":2,
               "path":"South Central",
               "state":"displayed",
               "name":"South Central"
            },
            {
               "count":2,
               "path":"South Park",
               "state":"displayed",
               "name":"South Park"
            },
            {
               "count":2,
               "path":"Staten Island",
               "state":"displayed",
               "name":"Staten Island"
            },
            {
               "count":2,
               "path":"Sun Valley Appartements",
               "state":"displayed",
               "name":"Sun Valley Appartements"
            },
            {
               "count":1,
               "path":"12th Arrondissement",
               "state":"displayed",
               "name":"12th Arrondissement"
            },
            {
               "count":1,
               "path":"13th Ward",
               "state":"displayed",
               "name":"13th Ward"
            },
            {
               "count":1,
               "path":"13\u00e8me arrondissement",
               "state":"displayed",
               "name":"13\u00e8me arrondissement"
            },
            {
               "count":1,
               "path":"14th",
               "state":"displayed",
               "name":"14th"
            },
            {
               "count":1,
               "path":"17\u00e8me arrondissement",
               "state":"displayed",
               "name":"17\u00e8me arrondissement"
            },
            {
               "count":1,
               "path":"18th",
               "state":"displayed",
               "name":"18th"
            },
            {
               "count":1,
               "path":"18th arrondissemen",
               "state":"displayed",
               "name":"18th arrondissemen"
            },
            {
               "count":1,
               "path":"18\u00e8me",
               "state":"displayed",
               "name":"18\u00e8me"
            },
            {
               "count":1,
               "path":"7th Ward",
               "state":"displayed",
               "name":"7th Ward"
            },
            {
               "count":1,
               "path":"Austell",
               "state":"displayed",
               "name":"Austell"
            },
            {
               "count":1,
               "path":"Balustres",
               "state":"displayed",
               "name":"Balustres"
            },
            {
               "count":1,
               "path":"Barona",
               "state":"displayed",
               "name":"Barona"
            },
            {
               "count":1,
               "path":"Bedford Stuyvesant",
               "state":"displayed",
               "name":"Bedford Stuyvesant"
            },
            {
               "count":1,
               "path":"Belleville",
               "state":"displayed",
               "name":"Belleville"
            },
            {
               "count":1,
               "path":"Belsunce",
               "state":"displayed",
               "name":"Belsunce"
            },
            {
               "count":1,
               "path":"Benfica",
               "state":"displayed",
               "name":"Benfica"
            },
            {
               "count":1,
               "path":"Bl\u00fccherplatz",
               "state":"displayed",
               "name":"Bl\u00fccherplatz"
            },
            {
               "count":1,
               "path":"Boisfort",
               "state":"displayed",
               "name":"Boisfort"
            },
            {
               "count":1,
               "path":"Boissard",
               "state":"displayed",
               "name":"Boissard"
            },
            {
               "count":1,
               "path":"Boulevard, Fourth Ward",
               "state":"displayed",
               "name":"Boulevard, Fourth Ward"
            },
            {
               "count":1,
               "path":"Brick City",
               "state":"displayed",
               "name":"Brick City"
            },
            {
               "count":1,
               "path":"Bronx River Houses",
               "state":"displayed",
               "name":"Bronx River Houses"
            },
            {
               "count":1,
               "path":"Bronzeville",
               "state":"displayed",
               "name":"Bronzeville"
            },
            {
               "count":1,
               "path":"Caliope Projects",
               "state":"displayed",
               "name":"Caliope Projects"
            },
            {
               "count":1,
               "path":"Calumet Heights",
               "state":"displayed",
               "name":"Calumet Heights"
            },
            {
               "count":1,
               "path":"Capitol Hill",
               "state":"displayed",
               "name":"Capitol Hill"
            },
            {
               "count":1,
               "path":"Carson",
               "state":"displayed",
               "name":"Carson"
            },
            {
               "count":1,
               "path":"Casteja",
               "state":"displayed",
               "name":"Casteja"
            },
            {
               "count":1,
               "path":"Chalkhill Estates",
               "state":"displayed",
               "name":"Chalkhill Estates"
            },
            {
               "count":1,
               "path":"Champtier-du-Coq",
               "state":"displayed",
               "name":"Champtier-du-Coq"
            },
            {
               "count":1,
               "path":"Chelsea",
               "state":"displayed",
               "name":"Chelsea"
            },
            {
               "count":1,
               "path":"Cit\u00e9 Anatole France",
               "state":"displayed",
               "name":"Cit\u00e9 Anatole France"
            },
            {
               "count":1,
               "path":"Cit\u00e9 Camille Groult",
               "state":"displayed",
               "name":"Cit\u00e9 Camille Groult"
            },
            {
               "count":1,
               "path":"Cit\u00e9 Gambetta",
               "state":"displayed",
               "name":"Cit\u00e9 Gambetta"
            },
            {
               "count":1,
               "path":"Cit\u00e9 Nouvelle Emma\u00fcs",
               "state":"displayed",
               "name":"Cit\u00e9 Nouvelle Emma\u00fcs"
            },
            {
               "count":1,
               "path":"Cit\u00e9 Paul \u00c9luard",
               "state":"displayed",
               "name":"Cit\u00e9 Paul \u00c9luard"
            },
            {
               "count":1,
               "path":"Cit\u00e9 Pr\u00e9sident Salvador Allende",
               "state":"displayed",
               "name":"Cit\u00e9 Pr\u00e9sident Salvador Allende"
            },
            {
               "count":1,
               "path":"Cit\u00e9 Robespierre",
               "state":"displayed",
               "name":"Cit\u00e9 Robespierre"
            },
            {
               "count":1,
               "path":"Cit\u00e9 des Hautes Berg\u00e8res",
               "state":"displayed",
               "name":"Cit\u00e9 des Hautes Berg\u00e8res"
            },
            {
               "count":1,
               "path":"Cit\u00e9 des Martinets",
               "state":"displayed",
               "name":"Cit\u00e9 des Martinets"
            },
            {
               "count":1,
               "path":"Cit\u00e9 des Tarter\u00eats",
               "state":"displayed",
               "name":"Cit\u00e9 des Tarter\u00eats"
            },
            {
               "count":1,
               "path":"Cit\u00e9 du Plan d'Aou",
               "state":"displayed",
               "name":"Cit\u00e9 du Plan d'Aou"
            },
            {
               "count":1,
               "path":"Clifton Heights",
               "state":"displayed",
               "name":"Clifton Heights"
            },
            {
               "count":1,
               "path":"Clignancourt",
               "state":"displayed",
               "name":"Clignancourt"
            },
            {
               "count":1,
               "path":"Clinton Hill",
               "state":"displayed",
               "name":"Clinton Hill"
            },
            {
               "count":1,
               "path":"Cloverland",
               "state":"displayed",
               "name":"Cloverland"
            },
            {
               "count":1,
               "path":"Conchal\u00ed",
               "state":"displayed",
               "name":"Conchal\u00ed"
            },
            {
               "count":1,
               "path":"Copperfield",
               "state":"displayed",
               "name":"Copperfield"
            },
            {
               "count":1,
               "path":"Country Club Crest",
               "state":"displayed",
               "name":"Country Club Crest"
            },
            {
               "count":1,
               "path":"Courbevoie",
               "state":"displayed",
               "name":"Courbevoie"
            },
            {
               "count":1,
               "path":"Courcouronnes",
               "state":"displayed",
               "name":"Courcouronnes"
            },
            {
               "count":1,
               "path":"Crown Heights",
               "state":"displayed",
               "name":"Crown Heights"
            },
            {
               "count":1,
               "path":"Dagenham",
               "state":"displayed",
               "name":"Dagenham"
            },
            {
               "count":1,
               "path":"Danube",
               "state":"displayed",
               "name":"Danube"
            },
            {
               "count":1,
               "path":"Dixies Home",
               "state":"displayed",
               "name":"Dixies Home"
            },
            {
               "count":1,
               "path":"Don Guanella",
               "state":"displayed",
               "name":"Don Guanella"
            },
            {
               "count":1,
               "path":"East New York",
               "state":"displayed",
               "name":"East New York"
            },
            {
               "count":1,
               "path":"East Oakland",
               "state":"displayed",
               "name":"East Oakland"
            },
            {
               "count":1,
               "path":"East point",
               "state":"displayed",
               "name":"East point"
            },
            {
               "count":1,
               "path":"Fifth Ward",
               "state":"displayed",
               "name":"Fifth Ward"
            },
            {
               "count":1,
               "path":"Flushing",
               "state":"displayed",
               "name":"Flushing"
            },
            {
               "count":1,
               "path":"Forest Gate",
               "state":"displayed",
               "name":"Forest Gate"
            },
            {
               "count":1,
               "path":"Forest Hill",
               "state":"displayed",
               "name":"Forest Hill"
            },
            {
               "count":1,
               "path":"Forest House Projects",
               "state":"displayed",
               "name":"Forest House Projects"
            },
            {
               "count":1,
               "path":"Foug\u00e8res",
               "state":"displayed",
               "name":"Foug\u00e8res"
            },
            {
               "count":1,
               "path":"Francisville Neighborhood",
               "state":"displayed",
               "name":"Francisville Neighborhood"
            },
            {
               "count":1,
               "path":"Frayser",
               "state":"displayed",
               "name":"Frayser"
            },
            {
               "count":1,
               "path":"Gentilly",
               "state":"displayed",
               "name":"Gentilly"
            },
            {
               "count":1,
               "path":"Germinal",
               "state":"displayed",
               "name":"Germinal"
            },
            {
               "count":1,
               "path":"Glasnevin and Drumcondra",
               "state":"displayed",
               "name":"Glasnevin and Drumcondra"
            },
            {
               "count":1,
               "path":"Glenwood Houses",
               "state":"displayed",
               "name":"Glenwood Houses"
            },
            {
               "count":1,
               "path":"Golden Acres",
               "state":"displayed",
               "name":"Golden Acres"
            },
            {
               "count":1,
               "path":"Gr\u00fcnau",
               "state":"displayed",
               "name":"Gr\u00fcnau"
            },
            {
               "count":1,
               "path":"Hamilton Heights",
               "state":"displayed",
               "name":"Hamilton Heights"
            },
            {
               "count":1,
               "path":"Hamtramck",
               "state":"displayed",
               "name":"Hamtramck"
            },
            {
               "count":1,
               "path":"Harvey",
               "state":"displayed",
               "name":"Harvey"
            },
            {
               "count":1,
               "path":"Hautes-Noues",
               "state":"displayed",
               "name":"Hautes-Noues"
            },
            {
               "count":1,
               "path":"Hill District",
               "state":"displayed",
               "name":"Hill District"
            },
            {
               "count":1,
               "path":"Hollywood",
               "state":"displayed",
               "name":"Hollywood"
            },
            {
               "count":1,
               "path":"Holyrood Estate",
               "state":"displayed",
               "name":"Holyrood Estate"
            },
            {
               "count":1,
               "path":"Hunters Point",
               "state":"displayed",
               "name":"Hunters Point"
            },
            {
               "count":1,
               "path":"Hyde Park",
               "state":"displayed",
               "name":"Hyde Park"
            },
            {
               "count":1,
               "path":"H\u00e9liport",
               "state":"displayed",
               "name":"H\u00e9liport"
            },
            {
               "count":1,
               "path":"Ida Street Housing Projects",
               "state":"displayed",
               "name":"Ida Street Housing Projects"
            },
            {
               "count":1,
               "path":"Islington",
               "state":"displayed",
               "name":"Islington"
            },
            {
               "count":1,
               "path":"K Town",
               "state":"displayed",
               "name":"K Town"
            },
            {
               "count":1,
               "path":"L'\u00eele de Thau",
               "state":"displayed",
               "name":"L'\u00eele de Thau"
            },
            {
               "count":1,
               "path":"La Chapelle",
               "state":"displayed",
               "name":"La Chapelle"
            },
            {
               "count":1,
               "path":"La Courneuve",
               "state":"displayed",
               "name":"La Courneuve"
            },
            {
               "count":1,
               "path":"La Grande Borne",
               "state":"displayed",
               "name":"La Grande Borne"
            },
            {
               "count":1,
               "path":"La cit\u00e9 des 4000",
               "state":"displayed",
               "name":"La cit\u00e9 des 4000"
            },
            {
               "count":1,
               "path":"La goutte d'or",
               "state":"displayed",
               "name":"La goutte d'or"
            },
            {
               "count":1,
               "path":"Le Panier",
               "state":"displayed",
               "name":"Le Panier"
            },
            {
               "count":1,
               "path":"Le panier",
               "state":"displayed",
               "name":"Le panier"
            },
            {
               "count":1,
               "path":"LeFrak City",
               "state":"displayed",
               "name":"LeFrak City"
            },
            {
               "count":1,
               "path":"Leimert Park",
               "state":"displayed",
               "name":"Leimert Park"
            },
            {
               "count":1,
               "path":"Les Cam\u00e9lias",
               "state":"displayed",
               "name":"Les Cam\u00e9lias"
            },
            {
               "count":1,
               "path":"Les Pyramides",
               "state":"displayed",
               "name":"Les Pyramides"
            },
            {
               "count":1,
               "path":"Les bosquets",
               "state":"displayed",
               "name":"Les bosquets"
            },
            {
               "count":1,
               "path":"Liberty City",
               "state":"displayed",
               "name":"Liberty City"
            },
            {
               "count":1,
               "path":"Liberty City Square",
               "state":"displayed",
               "name":"Liberty City Square"
            },
            {
               "count":1,
               "path":"Linkebeek",
               "state":"displayed",
               "name":"Linkebeek"
            },
            {
               "count":1,
               "path":"Longbeach",
               "state":"displayed",
               "name":"Longbeach"
            },
            {
               "count":1,
               "path":"Magnolia Street",
               "state":"displayed",
               "name":"Magnolia Street"
            },
            {
               "count":1,
               "path":"Mapo",
               "state":"displayed",
               "name":"Mapo"
            },
            {
               "count":1,
               "path":"Mermoz",
               "state":"displayed",
               "name":"Mermoz"
            },
            {
               "count":1,
               "path":"Missouri City",
               "state":"displayed",
               "name":"Missouri City"
            },
            {
               "count":1,
               "path":"Molenbeek-Saint-Jean",
               "state":"displayed",
               "name":"Molenbeek-Saint-Jean"
            },
            {
               "count":1,
               "path":"Mond\u00e9tour",
               "state":"displayed",
               "name":"Mond\u00e9tour"
            },
            {
               "count":1,
               "path":"Mont Gaillard",
               "state":"displayed",
               "name":"Mont Gaillard"
            },
            {
               "count":1,
               "path":"Mont-Saint-Martin",
               "state":"displayed",
               "name":"Mont-Saint-Martin"
            },
            {
               "count":1,
               "path":"Montreuil",
               "state":"displayed",
               "name":"Montreuil"
            },
            {
               "count":1,
               "path":"M\u00e4rkische Viertel",
               "state":"displayed",
               "name":"M\u00e4rkische Viertel"
            },
            {
               "count":1,
               "path":"Neuhof",
               "state":"displayed",
               "name":"Neuhof"
            },
            {
               "count":1,
               "path":"Neuilly-Plaisance",
               "state":"displayed",
               "name":"Neuilly-Plaisance"
            },
            {
               "count":1,
               "path":"Newham",
               "state":"displayed",
               "name":"Newham"
            },
            {
               "count":1,
               "path":"Nickerson Gardens projects",
               "state":"displayed",
               "name":"Nickerson Gardens projects"
            },
            {
               "count":1,
               "path":"Northport",
               "state":"displayed",
               "name":"Northport"
            },
            {
               "count":1,
               "path":"Northwold estate",
               "state":"displayed",
               "name":"Northwold estate"
            },
            {
               "count":1,
               "path":"Oak Lawn",
               "state":"displayed",
               "name":"Oak Lawn"
            },
            {
               "count":1,
               "path":"Park Slope",
               "state":"displayed",
               "name":"Park Slope"
            },
            {
               "count":1,
               "path":"Phipps Bridge Estate",
               "state":"displayed",
               "name":"Phipps Bridge Estate"
            },
            {
               "count":1,
               "path":"Plan-de-Cuques",
               "state":"displayed",
               "name":"Plan-de-Cuques"
            },
            {
               "count":1,
               "path":"Porte de Namur",
               "state":"displayed",
               "name":"Porte de Namur"
            },
            {
               "count":1,
               "path":"Porte de Vanves",
               "state":"displayed",
               "name":"Porte de Vanves"
            },
            {
               "count":1,
               "path":"Porte de la Chapelle",
               "state":"displayed",
               "name":"Porte de la Chapelle"
            },
            {
               "count":1,
               "path":"Quartier Nord",
               "state":"displayed",
               "name":"Quartier Nord"
            },
            {
               "count":1,
               "path":"Ramona Park",
               "state":"displayed",
               "name":"Ramona Park"
            },
            {
               "count":1,
               "path":"Rive Sud",
               "state":"displayed",
               "name":"Rive Sud"
            },
            {
               "count":1,
               "path":"Riverdale",
               "state":"displayed",
               "name":"Riverdale"
            },
            {
               "count":1,
               "path":"Saint-Jean du D\u00e9sert",
               "state":"displayed",
               "name":"Saint-Jean du D\u00e9sert"
            },
            {
               "count":1,
               "path":"Salt",
               "state":"displayed",
               "name":"Salt"
            },
            {
               "count":1,
               "path":"Santa Monica",
               "state":"displayed",
               "name":"Santa Monica"
            },
            {
               "count":1,
               "path":"Scarborough",
               "state":"displayed",
               "name":"Scarborough"
            },
            {
               "count":1,
               "path":"Scenic Woods",
               "state":"displayed",
               "name":"Scenic Woods"
            },
            {
               "count":1,
               "path":"Schaerbeek",
               "state":"displayed",
               "name":"Schaerbeek"
            },
            {
               "count":1,
               "path":"School Street Project",
               "state":"displayed",
               "name":"School Street Project"
            },
            {
               "count":1,
               "path":"Schweitzer",
               "state":"displayed",
               "name":"Schweitzer"
            },
            {
               "count":1,
               "path":"Shaker Heights",
               "state":"displayed",
               "name":"Shaker Heights"
            },
            {
               "count":1,
               "path":"South Croydon",
               "state":"displayed",
               "name":"South Croydon"
            },
            {
               "count":1,
               "path":"South Gate",
               "state":"displayed",
               "name":"South Gate"
            },
            {
               "count":1,
               "path":"South Jamaica",
               "state":"displayed",
               "name":"South Jamaica"
            },
            {
               "count":1,
               "path":"St-Jacques",
               "state":"displayed",
               "name":"St-Jacques"
            },
            {
               "count":1,
               "path":"Stockwell",
               "state":"displayed",
               "name":"Stockwell"
            },
            {
               "count":1,
               "path":"S\u00f6dermalm",
               "state":"displayed",
               "name":"S\u00f6dermalm"
            },
            {
               "count":1,
               "path":"Third Ward",
               "state":"displayed",
               "name":"Third Ward"
            },
            {
               "count":1,
               "path":"Thornton Heath",
               "state":"displayed",
               "name":"Thornton Heath"
            },
            {
               "count":1,
               "path":"Toulouges",
               "state":"displayed",
               "name":"Toulouges"
            },
            {
               "count":1,
               "path":"Triangle de Choisy",
               "state":"displayed",
               "name":"Triangle de Choisy"
            },
            {
               "count":1,
               "path":"Uniondale",
               "state":"displayed",
               "name":"Uniondale"
            },
            {
               "count":1,
               "path":"Val-de-Marne",
               "state":"displayed",
               "name":"Val-de-Marne"
            },
            {
               "count":1,
               "path":"Villeneuve-la-Garenne",
               "state":"displayed",
               "name":"Villeneuve-la-Garenne"
            },
            {
               "count":1,
               "path":"Walthamstow",
               "state":"displayed",
               "name":"Walthamstow"
            },
            {
               "count":1,
               "path":"West Chatham",
               "state":"displayed",
               "name":"West Chatham"
            },
            {
               "count":1,
               "path":"West Deer Park",
               "state":"displayed",
               "name":"West Deer Park"
            },
            {
               "count":1,
               "path":"West Heath",
               "state":"displayed",
               "name":"West Heath"
            },
            {
               "count":1,
               "path":"Woolwich",
               "state":"displayed",
               "name":"Woolwich"
            },
            {
               "count":1,
               "path":"Wyandanch",
               "state":"displayed",
               "name":"Wyandanch"
            },
            {
               "count":1,
               "path":"Wynnefield",
               "state":"displayed",
               "name":"Wynnefield"
            },
            {
               "count":1,
               "path":"Yonkers",
               "state":"displayed",
               "name":"Yonkers"
            },
            {
               "count":1,
               "path":"\u00c9pinettes-Aunettes",
               "state":"displayed",
               "name":"\u00c9pinettes-Aunettes"
            }
         ],
         "name":"location_neighborhood"
      },
      {
         "facets":[
            {
               "count":1,
               "path":"1990",
               "state":"displayed",
               "name":"1990"
            },
            {
               "count":1,
               "path":"1992",
               "state":"displayed",
               "name":"1992"
            },
            {
               "count":1,
               "path":"1995",
               "state":"displayed",
               "name":"1995"
            },
            {
               "count":1,
               "path":"1997",
               "state":"displayed",
               "name":"1997"
            },
            {
               "count":2,
               "path":"1998",
               "state":"displayed",
               "name":"1998"
            },
            {
               "count":3,
               "path":"1999",
               "state":"displayed",
               "name":"1999"
            },
            {
               "count":3,
               "path":"2000",
               "state":"displayed",
               "name":"2000"
            },
            {
               "count":3,
               "path":"2001",
               "state":"displayed",
               "name":"2001"
            },
            {
               "count":2,
               "path":"2002",
               "state":"displayed",
               "name":"2002"
            },
            {
               "count":3,
               "path":"2003",
               "state":"displayed",
               "name":"2003"
            },
            {
               "count":1,
               "path":"2004",
               "state":"displayed",
               "name":"2004"
            },
            {
               "count":1,
               "path":"2005",
               "state":"displayed",
               "name":"2005"
            },
            {
               "count":5,
               "path":"2006",
               "state":"displayed",
               "name":"2006"
            },
            {
               "count":2,
               "path":"2007",
               "state":"displayed",
               "name":"2007"
            },
            {
               "count":1,
               "path":"2008",
               "state":"displayed",
               "name":"2008"
            },
            {
               "count":2,
               "path":"2009",
               "state":"displayed",
               "name":"2009"
            },
            {
               "count":5,
               "path":"2010",
               "state":"displayed",
               "name":"2010"
            },
            {
               "count":3,
               "path":"2011",
               "state":"displayed",
               "name":"2011"
            },
            {
               "count":5,
               "path":"2012",
               "state":"displayed",
               "name":"2012"
            },
            {
               "count":3,
               "path":"2013",
               "state":"displayed",
               "name":"2013"
            },
            {
               "count":4,
               "path":"2015",
               "state":"displayed",
               "name":"2015"
            },
            {
               "count":1,
               "path":"2017",
               "state":"displayed",
               "name":"2017"
            }
         ],
         "name":"bio_yearsactiveend"
      },
      {
         "facets":[
            {
               "count":447,
               "path":"rapper",
               "state":"displayed",
               "name":"rapper"
            },
            {
               "count":109,
               "path":"group",
               "state":"displayed",
               "name":"group"
            },
            {
               "count":53,
               "path":"singer",
               "state":"displayed",
               "name":"singer"
            },
            {
               "count":46,
               "path":"producer",
               "state":"displayed",
               "name":"producer"
            },
            {
               "count":35,
               "path":"producer / dj",
               "state":"displayed",
               "name":"producer / dj"
            }
         ],
         "name":"categories"
      }
   ]
}